{"stats":{"minecraft:dropped":{"minecraft:wheat_seeds":1},"minecraft:killed_by":{"minecraft:zombie":1},"minecraft:mined":{"minecraft:grass":3,"minecraft:grass_block":2,"minecraft:dirt":3},"minecraft:custom":{"minecraft:jump":21,"minecraft:time_since_rest":1044,"minecraft:damage_dealt":122,"minecraft:leave_game":1,"minecraft:deaths":1,"minecraft:play_time":6617,"minecraft:damage_taken":250,"minecraft:time_since_death":906,"minecraft:walk_one_cm":4320,"minecraft:total_world_time":6617,"minecraft:drop":1,"minecraft:fall_one_cm":209,"minecraft:fly_one_cm":65},"minecraft:used":{"minecraft:dirt":3},"minecraft:picked_up":{"minecraft:wheat_seeds":1,"minecraft:dirt":5}},"DataVersion":3465}